,LeadI
0,-73.0
1,-112.0
2,-68.0
3,-44.0
4,-20.0
5,5.0
6,-20.0
7,-39.0
8,-63.0
9,-68.0
10,-59.0
11,-20.0
12,-10.0
13,-39.0
14,-49.0
15,-102.0
16,-88.0
17,-29.0
18,15.0
19,-15.0
20,-15.0
21,-15.0
22,-5.0
23,20.0
24,34.0
25,29.0
26,0.0
27,-88.0
28,-122.0
29,-98.0
30,-102.0
31,-59.0
32,-34.0
33,-112.0
34,-63.0
35,-73.0
36,-93.0
37,-166.0
38,10.0
39,-15.0
40,-59.0
41,-15.0
42,-10.0
43,10.0
44,-5.0
45,0.0
46,54.0
47,-24.0
48,-117.0
49,-117.0
50,-78.0
51,-146.0
52,-137.0
53,-146.0
54,-63.0
55,-39.0
56,-29.0
57,44.0
58,49.0
59,-15.0
60,-34.0
61,-54.0
62,-78.0
63,-54.0
64,-10.0
65,5.0
66,15.0
67,-20.0
68,-112.0
69,-112.0
70,-63.0
71,-44.0
72,-24.0
73,-15.0
74,-24.0
75,-5.0
76,10.0
77,-34.0
78,-68.0
79,-88.0
80,-151.0
81,-83.0
82,-20.0
83,-34.0
84,-10.0
85,-24.0
86,-24.0
87,15.0
88,-24.0
89,-34.0
90,0.0
91,-49.0
92,-93.0
93,-88.0
94,-93.0
95,-29.0
96,15.0
97,-93.0
98,-78.0
99,-112.0
100,-151.0
101,-137.0
102,-83.0
103,-73.0
104,-34.0
105,5.0
106,15.0
107,-68.0
108,-117.0
109,-117.0
110,-98.0
111,-132.0
112,-68.0
113,-5.0
114,0.0
115,0.0
116,20.0
117,-20.0
118,-93.0
119,-137.0
120,-107.0
121,-68.0
122,-137.0
123,-122.0
124,-63.0
125,-39.0
126,-44.0
127,-29.0
128,-63.0
129,-83.0
130,-122.0
131,-122.0
132,-78.0
133,-39.0
134,-83.0
135,-63.0
136,-20.0
137,24.0
138,-15.0
139,-78.0
140,-112.0
141,-112.0
142,-127.0
143,-185.0
144,-112.0
145,-78.0
146,-93.0
147,-112.0
148,-132.0
149,-54.0
150,-54.0
151,-78.0
152,-5.0
153,146.0
154,49.0
155,54.0
156,200.0
157,293.0
158,395.0
159,459.0
160,459.0
161,434.0
162,405.0
163,361.0
164,288.0
165,210.0
166,142.0
167,122.0
168,112.0
169,39.0
170,15.0
171,59.0
172,63.0
173,15.0
174,-63.0
175,10.0
176,-5.0
177,-63.0
178,-54.0
179,-63.0
180,-49.0
181,-73.0
182,-102.0
183,-102.0
184,-49.0
185,-20.0
186,15.0
187,-44.0
188,-137.0
189,-68.0
190,-78.0
191,-88.0
192,-24.0
193,-98.0
194,-63.0
195,-24.0
196,-24.0
197,-44.0
198,-78.0
199,-10.0
200,-49.0
201,-190.0
202,-234.0
203,-137.0
204,-20.0
205,-44.0
206,44.0
207,132.0
208,78.0
209,-68.0
210,-146.0
211,-107.0
212,-88.0
213,-68.0
214,-15.0
215,0.0
216,-54.0
217,-29.0
218,-68.0
219,-112.0
220,-93.0
221,-34.0
222,-88.0
223,-88.0
224,-29.0
225,-39.0
226,5.0
227,29.0
228,5.0
229,29.0
230,-29.0
231,-78.0
232,-73.0
233,-63.0
234,-44.0
235,137.0
236,59.0
237,-122.0
238,-102.0
239,-49.0
240,-68.0
241,-98.0
242,-107.0
243,-78.0
244,-34.0
245,10.0
246,20.0
247,63.0
248,24.0
249,-20.0
250,-44.0
251,-78.0
252,-20.0
253,5.0
254,39.0
255,63.0
256,34.0
257,0.0
258,-29.0
259,-98.0
260,-107.0
261,-78.0
262,5.0
263,15.0
264,49.0
265,68.0
266,63.0
267,59.0
268,73.0
269,107.0
270,-34.0
271,-181.0
272,-24.0
273,68.0
274,107.0
275,132.0
276,63.0
277,-10.0
278,-24.0
279,0.0
280,15.0
281,44.0
282,112.0
283,-29.0
284,49.0
285,205.0
286,190.0
287,122.0
288,220.0
289,146.0
290,59.0
291,73.0
292,122.0
293,185.0
294,190.0
295,98.0
296,166.0
297,195.0
298,176.0
299,93.0
300,73.0
301,49.0
302,107.0
303,127.0
304,117.0
305,166.0
306,254.0
307,200.0
308,98.0
309,102.0
310,73.0
311,73.0
312,34.0
313,68.0
314,49.0
315,127.0
316,117.0
317,127.0
318,161.0
319,98.0
320,24.0
321,5.0
322,-10.0
323,-20.0
324,39.0
325,-29.0
326,20.0
327,59.0
328,151.0
329,127.0
330,-63.0
331,-34.0
332,39.0
333,59.0
334,-5.0
335,-29.0
336,-39.0
337,-44.0
338,-20.0
339,0.0
340,15.0
341,34.0
342,-34.0
343,-73.0
344,-63.0
345,-15.0
346,24.0
347,-15.0
348,49.0
349,54.0
350,-29.0
351,-83.0
352,-122.0
353,-132.0
354,-83.0
355,39.0
356,88.0
357,98.0
358,-15.0
359,-93.0
360,-10.0
361,-73.0
362,-98.0
363,-73.0
364,-5.0
365,0.0
366,-5.0
367,93.0
368,102.0
369,15.0
370,-24.0
371,34.0
372,0.0
373,-49.0
374,-29.0
375,-10.0
376,20.0
377,29.0
378,5.0
379,29.0
380,-39.0
381,-54.0
382,-63.0
383,-102.0
384,-49.0
385,49.0
386,-20.0
387,-39.0
388,15.0
389,-10.0
390,-15.0
391,-73.0
392,-83.0
393,20.0
394,78.0
395,59.0
396,63.0
397,44.0
398,-44.0
399,-83.0
400,-49.0
401,0.0
402,-5.0
403,-68.0
404,-68.0
405,15.0
406,88.0
407,122.0
408,20.0
409,-107.0
410,15.0
411,24.0
412,-78.0
413,-98.0
414,-68.0
415,29.0
416,49.0
417,-5.0
418,-10.0
419,24.0
420,0.0
421,-78.0
422,-34.0
423,-24.0
424,-34.0
425,10.0
426,-34.0
427,-54.0
428,-5.0
429,-10.0
430,-39.0
431,-122.0
432,-59.0
433,20.0
434,-29.0
435,-29.0
436,-10.0
437,20.0
438,20.0
439,15.0
440,-59.0
441,-117.0
442,-127.0
443,-98.0
444,-83.0
445,-88.0
446,-20.0
447,15.0
448,-107.0
449,-93.0
450,-49.0
451,-83.0
452,-122.0
453,0.0
454,93.0
455,39.0
456,0.0
457,-34.0
458,-49.0
459,-20.0
460,-49.0
461,-132.0
462,-59.0
463,-29.0
464,5.0
465,-39.0
466,-15.0
467,-39.0
468,-63.0
469,-49.0
470,-15.0
471,5.0
472,-54.0
473,-88.0
474,-34.0
475,-29.0
476,-63.0
477,-73.0
478,-34.0
479,-68.0
480,-88.0
481,-59.0
482,-29.0
483,98.0
484,195.0
485,249.0
486,351.0
487,405.0
488,512.0
489,561.0
490,576.0
491,542.0
492,488.0
493,468.0
494,459.0
495,405.0
496,303.0
497,200.0
498,146.0
499,102.0
500,171.0
501,166.0
502,146.0
503,122.0
504,122.0
505,146.0
506,10.0
507,20.0
508,112.0
509,44.0
510,-10.0
511,-39.0
512,-78.0
513,-63.0
514,-29.0
515,29.0
516,49.0
517,73.0
518,63.0
519,10.0
520,24.0
521,-5.0
522,-93.0
523,-63.0
524,-34.0
525,10.0
526,-5.0
527,-44.0
528,-63.0
529,-34.0
530,-34.0
531,-49.0
532,-49.0
533,-20.0
534,-39.0
535,-34.0
536,24.0
537,15.0
538,39.0
539,0.0
540,-63.0
541,-44.0
542,-24.0
543,-10.0
544,59.0
545,98.0
546,24.0
547,-34.0
548,-34.0
549,-112.0
550,-117.0
551,-5.0
552,-34.0
553,-49.0
554,34.0
555,107.0
556,0.0
557,-78.0
558,39.0
559,-98.0
560,-98.0
561,-93.0
562,-88.0
563,15.0
564,112.0
565,39.0
566,-20.0
567,-20.0
568,-39.0
569,-54.0
570,-107.0
571,-83.0
572,-78.0
573,-73.0
574,-59.0
575,5.0
576,44.0
577,63.0
578,34.0
579,-15.0
580,0.0
581,-5.0
582,-20.0
583,-5.0
584,10.0
585,-15.0
586,24.0
587,107.0
588,98.0
589,59.0
590,34.0
591,29.0
592,20.0
593,24.0
594,34.0
595,59.0
596,63.0
597,24.0
598,117.0
599,215.0
600,117.0
601,102.0
602,29.0
603,-5.0
604,34.0
605,93.0
606,127.0
607,195.0
608,161.0
609,142.0
610,117.0
611,63.0
612,63.0
613,78.0
614,93.0
615,142.0
616,200.0
617,190.0
618,210.0
619,166.0
620,132.0
621,137.0
622,142.0
623,200.0
624,234.0
625,185.0
626,185.0
627,142.0
628,200.0
629,171.0
630,142.0
631,54.0
632,29.0
633,122.0
634,166.0
635,161.0
636,127.0
637,112.0
638,107.0
639,54.0
640,34.0
641,34.0
642,49.0
643,44.0
644,29.0
645,54.0
646,78.0
647,54.0
648,-5.0
649,-102.0
650,-54.0
651,15.0
652,29.0
653,-34.0
654,-73.0
655,-15.0
656,0.0
657,15.0
658,54.0
659,73.0
660,-34.0
661,-117.0
662,-49.0
663,-68.0
664,-63.0
665,-68.0
666,-98.0
667,-44.0
668,-88.0
669,-112.0
670,-68.0
671,-63.0
672,-5.0
673,59.0
674,88.0
675,20.0
676,-93.0
677,-107.0
678,-83.0
679,-73.0
680,-107.0
681,-98.0
682,-54.0
683,-29.0
684,-63.0
685,-59.0
686,39.0
687,-15.0
688,-29.0
689,-83.0
690,-98.0
691,-146.0
692,-146.0
693,-142.0
694,-20.0
695,-15.0
696,-10.0
697,0.0
698,-29.0
699,-59.0
700,-29.0
701,-107.0
702,-151.0
703,-83.0
704,-78.0
705,-83.0
706,-29.0
707,-73.0
708,-161.0
709,-117.0
710,-93.0
711,-63.0
712,-15.0
713,-34.0
714,-93.0
715,-63.0
716,-49.0
717,-63.0
718,-68.0
719,-78.0
720,-107.0
721,-142.0
722,-122.0
723,-20.0
724,-44.0
725,-15.0
726,-59.0
727,-88.0
728,-24.0
729,0.0
730,-112.0
731,-151.0
732,-98.0
733,-132.0
734,-112.0
735,-73.0
736,-34.0
737,15.0
738,24.0
739,-68.0
740,-127.0
741,-132.0
742,-146.0
743,-88.0
744,-83.0
745,-112.0
746,-78.0
747,-29.0
748,-73.0
749,-112.0
750,-112.0
751,-107.0
752,-88.0
753,-122.0
754,-73.0
755,-73.0
756,-78.0
757,-63.0
758,-54.0
759,-59.0
760,-117.0
761,10.0
762,29.0
763,-98.0
764,-127.0
765,-93.0
766,-73.0
767,-73.0
768,-63.0
769,-54.0
770,-29.0
771,-59.0
772,-107.0
773,-127.0
774,-112.0
775,-107.0
776,-44.0
777,-78.0
778,-83.0
779,-24.0
780,-34.0
781,-151.0
782,-156.0
783,-102.0
784,-34.0
785,0.0
786,-20.0
787,-88.0
788,-127.0
789,-102.0
790,-83.0
791,-78.0
792,-49.0
793,-49.0
794,5.0
795,-20.0
796,-63.0
797,-44.0
798,-29.0
799,-24.0
800,-5.0
801,-78.0
802,-44.0
803,-68.0
804,-83.0
805,-44.0
806,-59.0
807,-107.0
808,-102.0
809,-88.0
810,-83.0
811,-83.0
812,-156.0
813,-122.0
814,-44.0
815,5.0
816,34.0
817,-63.0
818,-132.0
819,-102.0
820,-34.0
821,-34.0
822,5.0
823,59.0
824,146.0
825,259.0
826,361.0
827,434.0
828,556.0
829,566.0
830,468.0
831,434.0
832,376.0
833,307.0
834,298.0
835,210.0
836,142.0
837,137.0
838,112.0
839,78.0
840,78.0
841,15.0
842,-24.0
843,-39.0
844,-20.0
845,15.0
846,15.0
847,-10.0
848,-83.0
849,-15.0
850,-24.0
851,-88.0
852,-132.0
853,-117.0
854,-83.0
855,-93.0
856,-54.0
857,-34.0
858,-83.0
859,-107.0
860,-132.0
861,-156.0
862,-112.0
863,-78.0
864,-127.0
865,-132.0
866,-98.0
867,-98.0
868,-39.0
869,-112.0
870,-112.0
871,-127.0
872,-132.0
873,-112.0
874,5.0
875,68.0
876,-24.0
877,-171.0
878,-83.0
879,-10.0
880,-88.0
881,-156.0
882,-137.0
883,-137.0
884,-88.0
885,-24.0
886,-10.0
887,-15.0
888,-20.0
889,-10.0
890,-59.0
891,-132.0
892,-122.0
893,-117.0
894,-112.0
895,-34.0
896,20.0
897,29.0
898,29.0
899,-15.0
900,-127.0
901,-117.0
902,-93.0
903,-78.0
904,-15.0
905,-10.0
906,-98.0
907,-102.0
908,-34.0
909,-29.0
910,-24.0
911,-10.0
912,-44.0
913,-54.0
914,-10.0
915,-34.0
916,15.0
917,122.0
918,39.0
919,-117.0
920,-54.0
921,-63.0
922,-73.0
923,-39.0
924,-24.0
925,-24.0
926,49.0
927,34.0
928,-29.0
929,-83.0
930,-59.0
931,-63.0
932,-10.0
933,34.0
934,63.0
935,49.0
936,10.0
937,24.0
938,-10.0
939,10.0
940,73.0
941,88.0
942,83.0
943,93.0
944,68.0
945,73.0
946,63.0
947,54.0
948,73.0
949,73.0
950,29.0
951,24.0
952,73.0
953,93.0
954,88.0
955,171.0
956,205.0
957,151.0
958,122.0
959,171.0
960,122.0
961,102.0
962,176.0
963,156.0
964,195.0
965,298.0
966,161.0
967,107.0
968,127.0
969,98.0
970,54.0
971,29.0
972,29.0
973,59.0
974,137.0
975,88.0
976,63.0
977,54.0
978,0.0
979,-78.0
980,-15.0
981,59.0
982,24.0
983,-5.0
984,15.0
985,49.0
986,-15.0
987,-20.0
988,-15.0
989,-20.0
990,-15.0
991,-44.0
992,-34.0
993,-10.0
994,15.0
995,0.0
996,5.0
997,20.0
998,-24.0
999,-78.0
1000,-112.0
1001,-127.0
1002,-78.0
1003,-15.0
1004,-10.0
1005,-44.0
1006,-63.0
1007,-54.0
1008,10.0
1009,-5.0
1010,-98.0
1011,-156.0
1012,-117.0
1013,-137.0
1014,-122.0
1015,-63.0
1016,-5.0
1017,73.0
1018,49.0
1019,5.0
1020,-29.0
1021,-63.0
1022,-15.0
1023,-34.0
1024,-49.0
1025,0.0
1026,24.0
1027,10.0
1028,-49.0
1029,-88.0
1030,-68.0
1031,-39.0
1032,-59.0
1033,-59.0
1034,-59.0
1035,63.0
1036,39.0
1037,-59.0
1038,-34.0
1039,-10.0
1040,-49.0
1041,-59.0
1042,-98.0
1043,-49.0
1044,-15.0
1045,-24.0
1046,10.0
1047,-15.0
1048,-15.0
1049,-29.0
1050,-54.0
1051,-49.0
1052,-83.0
1053,-63.0
1054,-78.0
1055,-68.0
1056,-20.0
1057,10.0
1058,-10.0
1059,-15.0
1060,-29.0
1061,-117.0
1062,-98.0
1063,-73.0
1064,-59.0
1065,10.0
1066,0.0
1067,0.0
1068,10.0
1069,-73.0
1070,-142.0
1071,-112.0
1072,15.0
1073,-54.0
1074,-146.0
1075,-54.0
1076,-5.0
1077,-39.0
1078,-39.0
1079,-107.0
1080,-107.0
1081,-29.0
1082,24.0
1083,29.0
1084,-34.0
1085,-44.0
1086,15.0
1087,24.0
1088,-34.0
1089,-63.0
1090,-68.0
1091,-83.0
1092,-59.0
1093,-10.0
1094,-15.0
1095,-49.0
1096,20.0
1097,-10.0
1098,-49.0
1099,-5.0
1100,29.0
1101,29.0
1102,-29.0
1103,-102.0
1104,-112.0
1105,-24.0
1106,49.0
1107,117.0
1108,5.0
1109,-49.0
1110,-59.0
1111,-88.0
1112,-34.0
1113,-34.0
1114,-73.0
1115,-34.0
1116,-20.0
1117,20.0
1118,39.0
1119,-5.0
1120,-54.0
1121,-63.0
1122,-73.0
1123,-93.0
1124,-44.0
1125,54.0
1126,49.0
1127,29.0
1128,39.0
1129,0.0
1130,-29.0
1131,-5.0
1132,-49.0
1133,-59.0
1134,-83.0
1135,-20.0
1136,-20.0
1137,-83.0
1138,0.0
1139,15.0
1140,-10.0
1141,-49.0
1142,10.0
1143,-5.0
1144,-63.0
1145,-39.0
1146,39.0
1147,88.0
1148,68.0
1149,-15.0
1150,-59.0
1151,-44.0
1152,5.0
1153,-34.0
1154,-44.0
1155,10.0
1156,59.0
1157,117.0
1158,112.0
1159,-73.0
1160,-107.0
1161,-34.0
1162,24.0
1163,-5.0
1164,-54.0
1165,-10.0
1166,39.0
1167,34.0
1168,20.0
1169,0.0
1170,-54.0
1171,-39.0
1172,-68.0
1173,-54.0
1174,-39.0
1175,-78.0
1176,-24.0
1177,78.0
1178,29.0
1179,-29.0
1180,-44.0
1181,-44.0
1182,-29.0
1183,-20.0
1184,-54.0
1185,-24.0
1186,39.0
1187,68.0
1188,34.0
1189,0.0
1190,5.0
1191,-83.0
1192,-112.0
1193,-29.0
1194,5.0
1195,24.0
1196,24.0
1197,10.0
1198,-49.0
1199,-78.0
1200,-93.0
1201,-171.0
1202,-88.0
1203,63.0
1204,49.0
1205,49.0
1206,39.0
1207,54.0
1208,5.0
1209,-59.0
1210,-83.0
1211,-39.0
1212,93.0
1213,49.0
1214,-112.0
1215,-63.0
1216,-5.0
1217,10.0
1218,54.0
1219,49.0
1220,-39.0
1221,-20.0
1222,-59.0
1223,-24.0
1224,24.0
1225,5.0
1226,20.0
1227,-15.0
1228,-29.0
1229,0.0
1230,39.0
1231,15.0
1232,-15.0
1233,0.0
1234,78.0
1235,49.0
1236,-54.0
1237,-54.0
1238,-83.0
1239,-44.0
1240,5.0
1241,59.0
1242,59.0
1243,29.0
1244,-15.0
1245,20.0
1246,-5.0
1247,29.0
1248,63.0
1249,0.0
1250,5.0
1251,5.0
1252,-39.0
1253,-44.0
1254,10.0
1255,10.0
1256,5.0
1257,-20.0
1258,-10.0
1259,-73.0
1260,0.0
1261,20.0
1262,-63.0
1263,-68.0
1264,-49.0
1265,-34.0
1266,29.0
1267,15.0
1268,-10.0
1269,-20.0
1270,-59.0
1271,-44.0
1272,-29.0
1273,-20.0
1274,-59.0
1275,5.0
1276,117.0
1277,34.0
1278,-93.0
1279,-146.0
1280,-88.0
1281,-83.0
1282,-107.0
1283,-63.0
1284,-5.0
1285,59.0
1286,44.0
1287,15.0
1288,-78.0
1289,-59.0
1290,-78.0
1291,-73.0
1292,-78.0
1293,-68.0
1294,-15.0
1295,-10.0
1296,5.0
1297,24.0
1298,10.0
1299,-29.0
1300,-132.0
1301,-127.0
1302,-68.0
1303,-59.0
1304,-63.0
1305,-78.0
1306,-83.0
1307,-98.0
1308,-102.0
1309,-68.0
1310,-68.0
1311,-15.0
1312,-5.0
1313,63.0
1314,176.0
1315,190.0
1316,386.0
1317,605.0
1318,488.0
1319,532.0
1320,468.0
1321,410.0
1322,342.0
1323,273.0
1324,195.0
1325,151.0
1326,195.0
1327,210.0
1328,161.0
1329,73.0
1330,49.0
1331,10.0
1332,63.0
1333,-88.0
1334,-83.0
1335,-39.0
1336,-20.0
1337,59.0
1338,20.0
1339,-127.0
1340,-151.0
1341,-68.0
1342,-83.0
1343,-63.0
1344,5.0
1345,24.0
1346,-5.0
1347,-34.0
1348,-88.0
1349,-29.0
1350,-68.0
1351,-88.0
1352,-142.0
1353,-151.0
1354,-151.0
1355,-78.0
1356,-24.0
1357,-49.0
1358,-49.0
1359,-39.0
1360,-68.0
1361,-39.0
1362,0.0
1363,-68.0
1364,-185.0
1365,-63.0
1366,29.0
1367,20.0
1368,-24.0
1369,-78.0
1370,-5.0
1371,-161.0
1372,-181.0
1373,-166.0
1374,-102.0
1375,-98.0
1376,-63.0
1377,-10.0
1378,-15.0
1379,-117.0
1380,-151.0
1381,-112.0
1382,-117.0
1383,-83.0
1384,-68.0
1385,-54.0
1386,-54.0
1387,-59.0
1388,-39.0
1389,-98.0
1390,-117.0
1391,-63.0
1392,-10.0
1393,-49.0
1394,-54.0
1395,-5.0
1396,-5.0
1397,-63.0
1398,-88.0
1399,-78.0
1400,-73.0
1401,-15.0
1402,-34.0
1403,-49.0
1404,-39.0
1405,-39.0
1406,-34.0
1407,29.0
1408,-24.0
1409,-59.0
1410,-34.0
1411,-24.0
1412,-49.0
1413,-44.0
1414,-29.0
1415,20.0
1416,78.0
1417,-49.0
1418,-112.0
1419,-127.0
1420,-117.0
1421,-63.0
1422,-107.0
1423,20.0
1424,49.0
1425,44.0
1426,88.0
1427,39.0
1428,-20.0
1429,-15.0
1430,-49.0
1431,-49.0
1432,-29.0
1433,24.0
1434,63.0
1435,88.0
1436,98.0
1437,98.0
1438,112.0
1439,63.0
1440,63.0
1441,78.0
1442,54.0
1443,93.0
1444,112.0
1445,137.0
1446,181.0
1447,210.0
1448,166.0
1449,63.0
1450,68.0
1451,102.0
1452,146.0
1453,146.0
1454,195.0
1455,171.0
1456,122.0
1457,132.0
1458,102.0
1459,122.0
1460,107.0
1461,10.0
1462,54.0
1463,132.0
1464,102.0
1465,171.0
1466,288.0
1467,181.0
1468,117.0
1469,5.0
1470,34.0
1471,54.0
1472,24.0
1473,44.0
1474,39.0
1475,20.0
1476,54.0
1477,78.0
1478,10.0
1479,63.0
1480,93.0
1481,49.0
1482,63.0
1483,59.0
1484,10.0
1485,-29.0
1486,-39.0
1487,-39.0
1488,-54.0
1489,-63.0
1490,-78.0
1491,-68.0
1492,-54.0
1493,-39.0
1494,29.0
1495,-20.0
1496,-15.0
1497,10.0
1498,-34.0
1499,-68.0
1500,-54.0
1501,-44.0
1502,-24.0
1503,-34.0
1504,-5.0
1505,39.0
1506,-5.0
1507,-10.0
1508,39.0
1509,-98.0
1510,-210.0
1511,-181.0
1512,-73.0
1513,-44.0
1514,-73.0
1515,-83.0
1516,-63.0
1517,-63.0
1518,-29.0
1519,-29.0
1520,-49.0
1521,-83.0
1522,-181.0
1523,-190.0
1524,29.0
1525,24.0
1526,-44.0
1527,-59.0
1528,-93.0
1529,-54.0
1530,-29.0
1531,-78.0
1532,-88.0
1533,-63.0
1534,-68.0
1535,39.0
1536,5.0
1537,-49.0
1538,0.0
1539,-39.0
1540,-122.0
1541,-142.0
1542,-5.0
1543,-10.0
1544,-78.0
1545,-44.0
1546,5.0
1547,-78.0
1548,-93.0
1549,-107.0
1550,-112.0
1551,-102.0
1552,-68.0
1553,-24.0
1554,-44.0
1555,-54.0
1556,-24.0
1557,10.0
1558,44.0
1559,-73.0
1560,-171.0
1561,-142.0
1562,-137.0
1563,-59.0
1564,0.0
1565,5.0
1566,68.0
1567,44.0
1568,-29.0
1569,-68.0
1570,-78.0
1571,44.0
1572,-34.0
1573,-98.0
1574,-102.0
1575,-49.0
1576,0.0
1577,29.0
1578,-78.0
1579,-127.0
1580,-117.0
1581,5.0
1582,-5.0
1583,-24.0
1584,-49.0
1585,-24.0
1586,-24.0
1587,-54.0
1588,-73.0
1589,-68.0
1590,-34.0
1591,-49.0
1592,-15.0
1593,5.0
1594,-44.0
1595,-34.0
1596,-20.0
1597,-15.0
1598,-5.0
1599,49.0
1600,-20.0
1601,-73.0
1602,-34.0
1603,-20.0
1604,-20.0
1605,102.0
1606,24.0
1607,-34.0
1608,5.0
1609,-20.0
1610,-49.0
1611,-73.0
1612,-49.0
1613,-88.0
1614,-73.0
1615,-49.0
1616,24.0
1617,112.0
1618,-10.0
1619,-54.0
1620,-34.0
1621,-98.0
1622,-112.0
1623,-59.0
1624,-24.0
1625,-20.0
1626,-93.0
1627,-59.0
1628,-20.0
1629,-54.0
1630,-49.0
1631,-112.0
1632,-39.0
1633,24.0
1634,24.0
1635,34.0
1636,29.0
1637,-29.0
1638,-44.0
1639,-5.0
1640,-5.0
1641,-68.0
1642,-34.0
1643,-34.0
1644,-98.0
1645,-15.0
1646,20.0
1647,44.0
1648,63.0
1649,34.0
1650,-63.0
1651,-146.0
1652,-122.0
1653,-107.0
1654,-15.0
1655,68.0
1656,10.0
1657,-5.0
1658,10.0
1659,-39.0
1660,-122.0
1661,-83.0
1662,-34.0
1663,15.0
1664,20.0
1665,10.0
1666,-5.0
1667,-54.0
1668,-59.0
1669,-68.0
1670,-59.0
1671,-63.0
1672,-29.0
1673,15.0
1674,68.0
1675,39.0
1676,-29.0
1677,49.0
1678,10.0
1679,-44.0
1680,-68.0
1681,-39.0
1682,-49.0
1683,-63.0
1684,-54.0
1685,10.0
1686,-24.0
1687,-20.0
1688,-15.0
1689,-49.0
1690,-44.0
1691,-68.0
1692,-78.0
1693,-20.0
1694,24.0
1695,63.0
1696,34.0
1697,0.0
1698,-44.0
1699,-59.0
1700,-24.0
1701,34.0
1702,-39.0
1703,-10.0
1704,34.0
1705,-15.0
1706,-29.0
1707,-10.0
1708,-29.0
1709,10.0
1710,-29.0
1711,-117.0
1712,-78.0
1713,5.0
1714,68.0
1715,156.0
1716,190.0
1717,244.0
1718,307.0
1719,376.0
1720,473.0
1721,517.0
1722,581.0
1723,600.0
1724,556.0
1725,498.0
1726,517.0
1727,532.0
1728,351.0
1729,181.0
1730,88.0
1731,34.0
1732,185.0
1733,161.0
1734,166.0
1735,127.0
1736,73.0
1737,117.0
1738,68.0
1739,34.0
1740,5.0
1741,-29.0
1742,20.0
1743,39.0
1744,49.0
1745,44.0
1746,83.0
1747,73.0
1748,-5.0
1749,10.0
1750,-49.0
1751,-68.0
1752,15.0
1753,34.0
1754,20.0
1755,54.0
1756,39.0
1757,20.0
1758,5.0
1759,-15.0
1760,-29.0
1761,-24.0
1762,-34.0
1763,-34.0
1764,44.0
1765,29.0
1766,-10.0
1767,-5.0
1768,15.0
1769,20.0
1770,34.0
1771,44.0
1772,24.0
1773,-29.0
1774,-59.0
1775,-107.0
1776,98.0
1777,137.0
1778,54.0
1779,-5.0
1780,-39.0
1781,15.0
1782,54.0
1783,39.0
1784,-20.0
1785,29.0
1786,0.0
1787,-63.0
1788,15.0
1789,29.0
1790,15.0
1791,-49.0
1792,20.0
1793,68.0
1794,107.0
1795,107.0
1796,93.0
1797,24.0
1798,-20.0
1799,-34.0
1800,-49.0
1801,-39.0
1802,5.0
1803,20.0
1804,-5.0
1805,0.0
1806,-20.0
1807,39.0
1808,54.0
1809,49.0
1810,73.0
1811,-15.0
1812,49.0
1813,5.0
1814,34.0
1815,88.0
1816,102.0
1817,73.0
1818,15.0
1819,10.0
1820,137.0
1821,44.0
1822,10.0
1823,68.0
1824,146.0
1825,156.0
1826,132.0
1827,112.0
1828,34.0
1829,49.0
1830,29.0
1831,73.0
1832,98.0
1833,59.0
1834,68.0
1835,127.0
1836,93.0
1837,132.0
1838,185.0
1839,142.0
1840,117.0
1841,176.0
1842,151.0
1843,166.0
1844,142.0
1845,205.0
1846,312.0
1847,307.0
1848,210.0
1849,156.0
1850,142.0
1851,146.0
1852,137.0
1853,166.0
1854,190.0
1855,190.0
1856,220.0
1857,215.0
1858,195.0
1859,259.0
1860,210.0
1861,195.0
1862,176.0
1863,142.0
1864,176.0
1865,259.0
1866,224.0
1867,181.0
1868,112.0
1869,102.0
1870,117.0
1871,93.0
1872,122.0
1873,146.0
1874,146.0
1875,132.0
1876,146.0
1877,190.0
1878,122.0
1879,15.0
1880,24.0
1881,5.0
1882,49.0
1883,34.0
1884,15.0
1885,49.0
1886,112.0
1887,102.0
1888,78.0
1889,29.0
1890,15.0
1891,29.0
1892,0.0
1893,29.0
1894,34.0
1895,34.0
1896,68.0
1897,117.0
1898,44.0
1899,10.0
1900,20.0
1901,-24.0
1902,0.0
1903,44.0
1904,24.0
1905,93.0
1906,132.0
1907,83.0
1908,93.0
1909,78.0
1910,-20.0
1911,-24.0
1912,-34.0
1913,-29.0
1914,39.0
1915,137.0
1916,171.0
1917,10.0
1918,-20.0
1919,-15.0
1920,-68.0
1921,-73.0
1922,5.0
1923,44.0
1924,83.0
1925,5.0
1926,-39.0
1927,15.0
1928,102.0
1929,117.0
1930,63.0
1931,10.0
1932,-20.0
1933,-10.0
1934,24.0
1935,49.0
1936,44.0
1937,24.0
1938,29.0
1939,83.0
1940,107.0
1941,68.0
1942,39.0
1943,93.0
1944,112.0
1945,29.0
1946,-44.0
1947,-49.0
1948,0.0
1949,54.0
1950,20.0
1951,-15.0
1952,15.0
1953,0.0
1954,0.0
1955,-5.0
1956,29.0
1957,68.0
1958,73.0
1959,10.0
1960,20.0
1961,-10.0
1962,-63.0
1963,-39.0
1964,29.0
1965,63.0
1966,49.0
1967,59.0
1968,-10.0
1969,-29.0
1970,-5.0
1971,-29.0
1972,15.0
1973,34.0
1974,44.0
1975,20.0
1976,0.0
1977,59.0
1978,44.0
1979,-54.0
1980,-59.0
1981,-5.0
1982,54.0
1983,5.0
1984,0.0
1985,54.0
1986,54.0
1987,39.0
1988,44.0
1989,78.0
1990,29.0
1991,39.0
1992,5.0
1993,-20.0
1994,-24.0
1995,10.0
1996,112.0
1997,127.0
1998,68.0
1999,54.0
2000,24.0
2001,29.0
2002,34.0
2003,83.0
2004,-29.0
2005,-44.0
2006,-20.0
2007,5.0
2008,78.0
2009,117.0
2010,83.0
2011,29.0
2012,-5.0
2013,54.0
2014,83.0
2015,39.0
2016,54.0
2017,24.0
2018,-5.0
2019,-20.0
2020,-39.0
2021,10.0
2022,49.0
2023,73.0
2024,49.0
2025,93.0
2026,68.0
2027,122.0
2028,98.0
2029,54.0
2030,-5.0
2031,-44.0
2032,29.0
2033,54.0
2034,0.0
2035,0.0
2036,127.0
2037,102.0
2038,59.0
2039,59.0
2040,29.0
2041,-44.0
2042,10.0
2043,54.0
2044,54.0
2045,73.0
2046,-10.0
2047,-34.0
2048,44.0
2049,132.0
2050,88.0
2051,29.0
2052,20.0
2053,5.0
2054,68.0
2055,88.0
2056,137.0
2057,166.0
2058,63.0
2059,29.0
2060,63.0
2061,49.0
2062,-5.0
2063,-34.0
2064,-5.0
2065,44.0
2066,88.0
2067,102.0
2068,68.0
2069,29.0
2070,5.0
2071,34.0
2072,-24.0
2073,-29.0
2074,10.0
2075,49.0
2076,59.0
2077,68.0
2078,73.0
2079,73.0
2080,73.0
2081,5.0
2082,-44.0
2083,5.0
2084,0.0
2085,24.0
2086,34.0
2087,83.0
2088,88.0
2089,117.0
2090,59.0
2091,-5.0
2092,-49.0
2093,-29.0
2094,142.0
2095,73.0
2096,107.0
2097,54.0
2098,68.0
2099,88.0
2100,44.0
2101,-15.0
2102,5.0
2103,-20.0
2104,29.0
2105,59.0
2106,34.0
2107,29.0
2108,142.0
2109,98.0
2110,5.0
2111,15.0
2112,24.0
2113,59.0
2114,112.0
2115,78.0
2116,-24.0
2117,24.0
2118,29.0
2119,-5.0
2120,44.0
2121,54.0
2122,-15.0
2123,-5.0
2124,49.0
2125,78.0
2126,127.0
2127,122.0
2128,34.0
2129,5.0
2130,20.0
2131,63.0
2132,78.0
2133,102.0
2134,73.0
2135,93.0
2136,166.0
2137,107.0
2138,34.0
2139,5.0
2140,39.0
2141,-5.0
2142,-73.0
2143,-10.0
2144,-10.0
2145,15.0
2146,-10.0
2147,83.0
2148,137.0
2149,78.0
2150,49.0
2151,39.0
2152,20.0
2153,39.0
2154,29.0
2155,98.0
2156,98.0
2157,93.0
2158,166.0
2159,102.0
2160,-24.0
2161,-34.0
2162,-15.0
2163,20.0
2164,10.0
2165,10.0
2166,-20.0
2167,-34.0
2168,10.0
2169,98.0
2170,98.0
2171,54.0
2172,44.0
2173,49.0
2174,127.0
2175,117.0
2176,34.0
2177,-39.0
2178,-34.0
2179,-29.0
2180,-24.0
2181,0.0
2182,20.0
2183,-10.0
2184,-34.0
2185,29.0
2186,73.0
2187,10.0
2188,-10.0
2189,24.0
2190,-44.0
2191,-20.0
2192,5.0
2193,-15.0
2194,-10.0
2195,20.0
2196,15.0
2197,73.0
2198,59.0
2199,10.0
2200,-34.0
2201,-54.0
2202,-39.0
2203,-39.0
2204,-39.0
2205,-34.0
2206,-78.0
2207,0.0
2208,24.0
2209,24.0
2210,-10.0
2211,5.0
2212,83.0
2213,34.0
2214,-107.0
2215,-59.0
2216,0.0
2217,39.0
2218,0.0
2219,-29.0
2220,-68.0
2221,-39.0
2222,-34.0
2223,-39.0
2224,0.0
2225,112.0
2226,-34.0
2227,-107.0
2228,-10.0
2229,-78.0
2230,-73.0
2231,-34.0
2232,49.0
2233,10.0
2234,-15.0
2235,-34.0
2236,10.0
2237,15.0
2238,-54.0
2239,-78.0
2240,-44.0
2241,-29.0
2242,-39.0
2243,5.0
2244,-24.0
2245,-29.0
2246,59.0
2247,-29.0
2248,-93.0
2249,-98.0
2250,-83.0
2251,-78.0
2252,-49.0
2253,-15.0
2254,-49.0
2255,-20.0
2256,54.0
2257,59.0
2258,-20.0
2259,-29.0
2260,-73.0
2261,-195.0
2262,-78.0
2263,-78.0
2264,-63.0
2265,-54.0
2266,-24.0
2267,15.0
2268,24.0
2269,-20.0
2270,-29.0
2271,-107.0
2272,-73.0
2273,39.0
2274,-68.0
2275,-44.0
2276,0.0
2277,73.0
2278,20.0
2279,-59.0
2280,-117.0
2281,-151.0
2282,-142.0
2283,-156.0
2284,-151.0
2285,-88.0
2286,-44.0
2287,10.0
2288,44.0
2289,0.0
2290,-15.0
2291,-54.0
2292,-88.0
2293,-88.0
2294,-68.0
2295,10.0
2296,5.0
2297,-156.0
2298,-112.0
2299,-39.0
2300,-44.0
2301,-54.0
2302,-73.0
2303,-83.0
2304,-83.0
2305,-39.0
2306,-20.0
2307,-5.0
2308,-83.0
2309,-117.0
2310,-24.0
2311,-54.0
2312,-137.0
2313,-137.0
2314,-112.0
2315,-63.0
2316,54.0
2317,-44.0
2318,-122.0
2319,5.0
2320,-39.0
2321,-49.0
2322,-83.0
2323,-88.0
2324,-49.0
2325,5.0
2326,-29.0
2327,-107.0
2328,-63.0
2329,-5.0
2330,15.0
2331,-44.0
2332,-98.0
2333,-107.0
2334,-83.0
2335,-24.0
2336,-10.0
2337,-34.0
2338,-112.0
2339,-78.0
2340,-83.0
2341,-68.0
2342,-88.0
2343,-137.0
2344,-88.0
2345,-44.0
2346,-137.0
2347,-78.0
2348,-59.0
2349,-98.0
2350,-156.0
2351,-98.0
2352,-93.0
2353,-102.0
2354,-73.0
2355,-68.0
2356,-63.0
2357,15.0
2358,132.0
2359,200.0
2360,283.0
2361,371.0
2362,425.0
2363,488.0
2364,532.0
2365,561.0
2366,395.0
2367,278.0
2368,278.0
2369,224.0
2370,78.0
2371,5.0
2372,0.0
2373,44.0
2374,68.0
2375,29.0
2376,24.0
2377,59.0
2378,24.0
2379,-39.0
2380,-59.0
2381,-68.0
2382,-83.0
2383,-93.0
2384,-132.0
2385,-98.0
2386,-59.0
2387,-68.0
2388,-20.0
2389,-63.0
2390,-107.0
2391,-102.0
2392,-117.0
2393,-88.0
2394,-107.0
2395,-68.0
2396,-10.0
2397,44.0
2398,-15.0
2399,-102.0
2400,-107.0
2401,-93.0
2402,-181.0
2403,-176.0
2404,-142.0
2405,-181.0
2406,-185.0
2407,15.0
2408,10.0
2409,-49.0
2410,-88.0
2411,-146.0
2412,-107.0
2413,-68.0
2414,-63.0
2415,-39.0
2416,-20.0
2417,-20.0
2418,-63.0
2419,-117.0
2420,-181.0
2421,-185.0
2422,-181.0
2423,-151.0
2424,-54.0
2425,-10.0
2426,-54.0
2427,-59.0
2428,-39.0
2429,-34.0
2430,-107.0
2431,-93.0
2432,-142.0
2433,-127.0
2434,-102.0
2435,15.0
2436,10.0
2437,-73.0
2438,-68.0
2439,-83.0
2440,-59.0
2441,-29.0
2442,-132.0
2443,-107.0
2444,-73.0
2445,-54.0
2446,-39.0
2447,-15.0
2448,-63.0
2449,-98.0
2450,-83.0
2451,-39.0
2452,-137.0
2453,-142.0
2454,-73.0
2455,-73.0
2456,-54.0
2457,-29.0
2458,-44.0
2459,-215.0
2460,-88.0
2461,-15.0
2462,-73.0
2463,-39.0
2464,-54.0
2465,-83.0
2466,-54.0
2467,0.0
2468,-15.0
2469,-29.0
2470,-39.0
2471,-44.0
2472,-132.0
2473,-102.0
2474,-5.0
2475,54.0
2476,83.0
2477,-39.0
2478,-54.0
2479,-39.0
2480,-15.0
2481,-24.0
2482,10.0
2483,44.0
2484,68.0
2485,127.0
2486,171.0
2487,166.0
2488,122.0
2489,132.0
2490,117.0
2491,54.0
2492,44.0
2493,49.0
2494,102.0
2495,166.0
2496,146.0
2497,122.0
2498,146.0
2499,239.0
2500,112.0
2501,10.0
2502,59.0
2503,122.0
2504,117.0
2505,200.0
2506,259.0
2507,210.0
2508,112.0
2509,107.0
2510,185.0
2511,107.0
2512,142.0
2513,210.0
2514,117.0
2515,88.0
2516,151.0
2517,200.0
2518,146.0
2519,112.0
2520,117.0
2521,78.0
2522,5.0
2523,39.0
2524,68.0
2525,39.0
2526,102.0
2527,78.0
2528,68.0
2529,78.0
2530,83.0
2531,49.0
2532,15.0
2533,20.0
2534,29.0
2535,24.0
2536,-15.0
2537,78.0
2538,107.0
2539,102.0
2540,68.0
2541,24.0
2542,-29.0
2543,5.0
2544,49.0
2545,44.0
2546,-10.0
2547,29.0
2548,49.0
2549,59.0
2550,88.0
2551,-29.0
2552,-34.0
2553,-54.0
2554,29.0
2555,34.0
2556,34.0
2557,20.0
2558,-73.0
2559,34.0
2560,44.0
2561,15.0
2562,54.0
2563,34.0
2564,-15.0
2565,39.0
2566,44.0
2567,54.0
2568,39.0
2569,10.0
2570,24.0
2571,-34.0
2572,-10.0
2573,-20.0
2574,-39.0
2575,44.0
2576,137.0
2577,142.0
2578,20.0
2579,-20.0
2580,0.0
2581,10.0
2582,5.0
2583,34.0
2584,68.0
2585,54.0
2586,10.0
2587,-15.0
2588,24.0
2589,68.0
2590,39.0
2591,0.0
2592,-20.0
2593,0.0
2594,10.0
2595,102.0
2596,112.0
2597,88.0
2598,59.0
2599,44.0
2600,0.0
2601,-39.0
2602,-29.0
2603,0.0
2604,112.0
2605,127.0
2606,44.0
2607,102.0
2608,54.0
2609,-78.0
2610,-5.0
2611,98.0
2612,34.0
2613,44.0
2614,15.0
2615,15.0
2616,59.0
2617,5.0
2618,-15.0
2619,-24.0
2620,-5.0
2621,68.0
2622,98.0
2623,39.0
2624,29.0
2625,98.0
2626,93.0
2627,49.0
2628,54.0
2629,44.0
2630,34.0
2631,-29.0
2632,20.0
2633,34.0
2634,-34.0
2635,20.0
2636,83.0
2637,49.0
2638,0.0
2639,-24.0
2640,-15.0
2641,39.0
2642,20.0
2643,49.0
2644,0.0
2645,-20.0
2646,24.0
2647,171.0
2648,146.0
2649,-34.0
2650,-59.0
2651,-5.0
2652,44.0
2653,20.0
2654,-10.0
2655,15.0
2656,54.0
2657,49.0
2658,34.0
2659,-10.0
2660,-39.0
2661,-59.0
2662,-10.0
2663,49.0
2664,10.0
2665,122.0
2666,83.0
2667,78.0
2668,88.0
2669,59.0
2670,0.0
2671,-44.0
2672,24.0
2673,-10.0
2674,5.0
2675,39.0
2676,44.0
2677,78.0
2678,44.0
2679,5.0
2680,39.0
2681,20.0
2682,-54.0
2683,49.0
2684,88.0
2685,63.0
2686,44.0
2687,24.0
2688,20.0
2689,98.0
2690,98.0
2691,-93.0
2692,-98.0
2693,-49.0
2694,-15.0
2695,5.0
2696,54.0
2697,73.0
2698,49.0
2699,-24.0
2700,-15.0
2701,-5.0
2702,-29.0
2703,-29.0
2704,112.0
2705,224.0
2706,317.0
2707,405.0
2708,508.0
2709,644.0
2710,693.0
2711,600.0
2712,439.0
2713,478.0
2714,556.0
2715,508.0
2716,371.0
2717,259.0
2718,254.0
2719,234.0
2720,229.0
2721,151.0
2722,98.0
2723,161.0
2724,176.0
2725,234.0
2726,185.0
2727,-24.0
2728,10.0
2729,112.0
2730,39.0
2731,73.0
2732,93.0
2733,44.0
2734,29.0
2735,-15.0
2736,-20.0
2737,59.0
2738,83.0
2739,83.0
2740,-5.0
2741,15.0
2742,-15.0
2743,-44.0
2744,-15.0
2745,10.0
2746,93.0
2747,59.0
2748,34.0
2749,73.0
2750,83.0
2751,-5.0
2752,-29.0
2753,44.0
2754,102.0
2755,93.0
2756,98.0
2757,54.0
2758,-5.0
2759,59.0
2760,59.0
2761,10.0
2762,10.0
2763,20.0
2764,83.0
2765,44.0
2766,68.0
2767,63.0
2768,15.0
2769,-68.0
2770,5.0
2771,44.0
2772,-20.0
2773,-63.0
2774,-63.0
2775,78.0
2776,73.0
2777,49.0
2778,5.0
2779,68.0
2780,68.0
2781,15.0
2782,-24.0
2783,-34.0
2784,-10.0
2785,24.0
2786,73.0
2787,59.0
2788,-20.0
2789,10.0
2790,98.0
2791,88.0
2792,29.0
2793,29.0
2794,102.0
2795,137.0
2796,88.0
2797,98.0
2798,137.0
2799,83.0
2800,68.0
2801,10.0
2802,-10.0
2803,39.0
2804,68.0
2805,107.0
2806,161.0
2807,63.0
2808,49.0
2809,78.0
2810,68.0
2811,68.0
2812,73.0
2813,83.0
2814,112.0
2815,98.0
2816,161.0
2817,303.0
2818,171.0
2819,102.0
2820,93.0
2821,93.0
2822,142.0
2823,93.0
2824,88.0
2825,98.0
2826,142.0
2827,298.0
2828,244.0
2829,137.0
2830,146.0
2831,142.0
2832,195.0
2833,234.0
2834,224.0
2835,205.0
2836,229.0
2837,259.0
2838,244.0
2839,229.0
2840,205.0
2841,190.0
2842,181.0
2843,215.0
2844,210.0
2845,278.0
2846,303.0
2847,273.0
2848,278.0
2849,317.0
2850,234.0
2851,171.0
2852,107.0
2853,151.0
2854,132.0
2855,146.0
2856,210.0
2857,229.0
2858,224.0
2859,93.0
2860,0.0
2861,93.0
2862,127.0
2863,142.0
2864,151.0
2865,127.0
2866,195.0
2867,239.0
2868,176.0
2869,132.0
2870,127.0
2871,5.0
2872,0.0
2873,93.0
2874,107.0
2875,171.0
2876,171.0
2877,68.0
2878,44.0
2879,-15.0
2880,29.0
2881,88.0
2882,78.0
2883,49.0
2884,117.0
2885,117.0
2886,68.0
2887,29.0
2888,73.0
2889,93.0
2890,98.0
2891,54.0
2892,20.0
2893,59.0
2894,68.0
2895,83.0
2896,107.0
2897,93.0
2898,34.0
2899,59.0
2900,83.0
2901,107.0
2902,88.0
2903,44.0
2904,68.0
2905,98.0
2906,127.0
2907,122.0
2908,132.0
2909,107.0
2910,44.0
2911,29.0
2912,98.0
2913,156.0
2914,142.0
2915,171.0
2916,132.0
2917,73.0
2918,63.0
2919,78.0
2920,49.0
2921,5.0
2922,-5.0
2923,34.0
2924,132.0
2925,171.0
2926,88.0
2927,117.0
2928,117.0
2929,137.0
2930,171.0
2931,127.0
2932,54.0
2933,39.0
2934,93.0
2935,137.0
2936,112.0
2937,49.0
2938,98.0
2939,107.0
2940,102.0
2941,39.0
2942,-24.0
2943,73.0
2944,122.0
2945,49.0
2946,137.0
2947,102.0
2948,117.0
2949,142.0
2950,107.0
2951,78.0
2952,34.0
2953,15.0
2954,24.0
2955,127.0
2956,68.0
2957,44.0
2958,49.0
2959,20.0
2960,15.0
2961,34.0
2962,15.0
2963,39.0
2964,78.0
2965,88.0
2966,102.0
2967,151.0
2968,73.0
2969,5.0
2970,24.0
2971,-29.0
2972,-68.0
2973,117.0
2974,34.0
2975,88.0
2976,117.0
2977,112.0
2978,107.0
2979,39.0
2980,24.0
2981,34.0
2982,-20.0
2983,-20.0
2984,59.0
2985,98.0
2986,98.0
2987,59.0
2988,59.0
2989,68.0
2990,63.0
2991,83.0
2992,54.0
2993,39.0
2994,44.0
2995,-15.0
2996,5.0
2997,151.0
2998,161.0
2999,156.0
3000,83.0
3001,73.0
3002,83.0
3003,34.0
3004,102.0
3005,59.0
3006,63.0
3007,132.0
3008,146.0
3009,-10.0
3010,34.0
3011,29.0
3012,-20.0
3013,34.0
3014,102.0
3015,112.0
3016,156.0
3017,200.0
3018,161.0
3019,20.0
3020,-5.0
3021,-5.0
3022,54.0
3023,122.0
3024,88.0
3025,29.0
3026,78.0
3027,93.0
3028,102.0
3029,112.0
3030,93.0
3031,83.0
3032,54.0
3033,29.0
3034,44.0
3035,68.0
3036,39.0
3037,-10.0
3038,93.0
3039,137.0
3040,63.0
3041,122.0
3042,10.0
3043,-15.0
3044,49.0
3045,63.0
3046,93.0
3047,88.0
3048,102.0
3049,127.0
3050,49.0
3051,29.0
3052,20.0
3053,34.0
3054,49.0
3055,29.0
3056,24.0
3057,73.0
3058,122.0
3059,68.0
3060,44.0
3061,-15.0
3062,-20.0
3063,107.0
3064,210.0
3065,307.0
3066,488.0
3067,454.0
3068,610.0
3069,747.0
3070,756.0
3071,678.0
3072,581.0
3073,483.0
3074,400.0
3075,327.0
3076,293.0
3077,307.0
3078,273.0
3079,259.0
3080,210.0
3081,205.0
3082,215.0
3083,195.0
3084,185.0
3085,34.0
3086,15.0
3087,93.0
3088,63.0
3089,-39.0
3090,-49.0
3091,44.0
3092,29.0
3093,39.0
3094,78.0
3095,146.0
3096,137.0
3097,146.0
3098,73.0
3099,49.0
3100,59.0
3101,68.0
3102,15.0
3103,0.0
3104,54.0
3105,176.0
3106,68.0
3107,15.0
3108,68.0
3109,54.0
3110,44.0
3111,34.0
3112,54.0
3113,68.0
3114,68.0
3115,93.0
3116,49.0
3117,34.0
3118,44.0
3119,83.0
3120,44.0
3121,0.0
3122,39.0
3123,34.0
3124,-20.0
3125,0.0
3126,54.0
3127,122.0
3128,195.0
3129,166.0
3130,83.0
3131,34.0
3132,93.0
3133,88.0
3134,68.0
3135,39.0
3136,73.0
3137,63.0
3138,44.0
3139,137.0
3140,59.0
3141,-63.0
3142,-29.0
3143,34.0
3144,10.0
3145,-24.0
3146,49.0
3147,107.0
3148,49.0
3149,73.0
3150,54.0
3151,68.0
3152,-93.0
3153,-73.0
3154,0.0
3155,-73.0
3156,-34.0
3157,142.0
3158,112.0
3159,39.0
3160,20.0
3161,10.0
3162,-59.0
3163,29.0
3164,132.0
3165,171.0
3166,132.0
3167,49.0
3168,-20.0
3169,-5.0
3170,83.0
3171,122.0
3172,73.0
3173,-49.0
3174,-59.0
3175,29.0
3176,83.0
3177,122.0
3178,112.0
3179,107.0
3180,117.0
3181,73.0
3182,44.0
3183,117.0
3184,156.0
3185,171.0
3186,166.0
3187,195.0
3188,229.0
3189,132.0
3190,117.0
3191,98.0
3192,107.0
3193,166.0
3194,259.0
3195,278.0
3196,278.0
3197,244.0
3198,229.0
3199,224.0
3200,249.0
3201,195.0
3202,49.0
3203,200.0
3204,215.0
3205,205.0
3206,205.0
3207,181.0
3208,210.0
3209,259.0
3210,234.0
3211,146.0
3212,107.0
3213,122.0
3214,88.0
3215,166.0
3216,176.0
3217,234.0
3218,190.0
3219,137.0
3220,166.0
3221,59.0
3222,68.0
3223,107.0
3224,107.0
3225,122.0
3226,117.0
3227,127.0
3228,73.0
3229,15.0
3230,39.0
3231,10.0
3232,15.0
3233,24.0
3234,24.0
3235,54.0
3236,107.0
3237,83.0
3238,78.0
3239,117.0
3240,93.0
3241,54.0
3242,63.0
3243,68.0
3244,83.0
3245,78.0
3246,20.0
3247,5.0
3248,-39.0
3249,0.0
3250,88.0
3251,44.0
3252,-49.0
3253,-5.0
3254,44.0
3255,49.0
3256,34.0
3257,44.0
3258,34.0
3259,102.0
3260,93.0
3261,-29.0
3262,-63.0
3263,-44.0
3264,-117.0
3265,-34.0
3266,122.0
3267,73.0
3268,88.0
3269,54.0
3270,10.0
3271,-63.0
3272,-49.0
3273,-15.0
3274,39.0
3275,39.0
3276,49.0
3277,54.0
3278,24.0
3279,68.0
3280,59.0
3281,24.0
3282,-49.0
3283,-132.0
3284,15.0
3285,44.0
3286,68.0
3287,49.0
3288,-39.0
3289,-5.0
3290,-24.0
3291,-54.0
3292,-29.0
3293,-44.0
3294,-68.0
3295,-20.0
3296,44.0
3297,39.0
3298,49.0
3299,20.0
3300,-5.0
3301,-10.0
3302,20.0
3303,20.0
3304,-15.0
3305,-93.0
3306,-83.0
3307,-20.0
3308,39.0
3309,39.0
3310,10.0
3311,-15.0
3312,-151.0
3313,-171.0
3314,-29.0
3315,24.0
3316,142.0
3317,98.0
3318,-73.0
3319,-73.0
3320,-5.0
3321,15.0
3322,-29.0
3323,-24.0
3324,-88.0
3325,-29.0
3326,-49.0
3327,-88.0
3328,-44.0
3329,-10.0
3330,0.0
3331,-20.0
3332,-54.0
3333,-34.0
3334,-29.0
3335,-59.0
3336,-20.0
3337,-44.0
3338,44.0
3339,20.0
3340,-49.0
3341,-68.0
3342,-59.0
3343,-20.0
3344,-54.0
3345,-29.0
3346,20.0
3347,34.0
3348,15.0
3349,-29.0
3350,-132.0
3351,-127.0
3352,-93.0
3353,-24.0
3354,44.0
3355,44.0
3356,93.0
3357,73.0
3358,-34.0
3359,-102.0
3360,-122.0
3361,-88.0
3362,-54.0
3363,-68.0
3364,-78.0
3365,-93.0
3366,-54.0
3367,54.0
3368,49.0
3369,-5.0
3370,-117.0
3371,-107.0
3372,-107.0
3373,-117.0
3374,-122.0
3375,-29.0
3376,39.0
3377,78.0
3378,15.0
3379,-44.0
3380,-54.0
3381,-34.0
3382,-59.0
3383,-44.0
3384,-39.0
3385,-20.0
3386,15.0
3387,5.0
3388,39.0
3389,-5.0
3390,-44.0
3391,-83.0
3392,-68.0
3393,-29.0
3394,-102.0
3395,-88.0
3396,-34.0
3397,24.0
3398,0.0
3399,-24.0
3400,-39.0
3401,-88.0
3402,-102.0
3403,-102.0
3404,-78.0
3405,-10.0
3406,59.0
3407,117.0
3408,215.0
3409,351.0
3410,420.0
3411,498.0
3412,581.0
3413,581.0
3414,532.0
3415,454.0
3416,488.0
3417,288.0
3418,249.0
3419,161.0
3420,93.0
3421,73.0
3422,78.0
3423,78.0
3424,34.0
3425,29.0
3426,78.0
3427,24.0
3428,44.0
3429,0.0
3430,-29.0
3431,-39.0
3432,-24.0
3433,-10.0
3434,-24.0
3435,-29.0
3436,-44.0
3437,-68.0
3438,-15.0
3439,-24.0
3440,-29.0
3441,-63.0
3442,-83.0
3443,5.0
3444,15.0
3445,-34.0
3446,-34.0
3447,-98.0
3448,-137.0
3449,-117.0
3450,-132.0
3451,-59.0
3452,-68.0
3453,-112.0
3454,-93.0
3455,-78.0
3456,-88.0
3457,-44.0
3458,-10.0
3459,10.0
3460,-44.0
3461,-44.0
3462,-63.0
3463,-127.0
3464,-151.0
3465,-142.0
3466,-63.0
3467,20.0
3468,-10.0
3469,20.0
3470,-34.0
3471,-98.0
3472,-102.0
3473,-161.0
3474,-234.0
3475,-205.0
3476,-20.0
3477,-29.0
3478,-63.0
3479,-54.0
3480,-24.0
3481,-117.0
3482,-137.0
3483,-93.0
3484,-34.0
3485,-93.0
3486,-78.0
3487,-29.0
3488,29.0
3489,-78.0
3490,-83.0
3491,-78.0
3492,-102.0
3493,-146.0
3494,-122.0
3495,-98.0
3496,-88.0
3497,-15.0
3498,29.0
3499,-24.0
3500,-54.0
3501,-34.0
3502,-20.0
3503,-49.0
3504,-78.0
3505,-73.0
3506,-83.0
3507,-59.0
3508,15.0
3509,20.0
3510,10.0
3511,-68.0
3512,-122.0
3513,-132.0
3514,-68.0
3515,-24.0
3516,-5.0
3517,0.0
3518,54.0
3519,-54.0
3520,-78.0
3521,-54.0
3522,-15.0
3523,117.0
3524,-49.0
3525,-83.0
3526,59.0
3527,73.0
3528,34.0
3529,29.0
3530,107.0
3531,137.0
3532,117.0
3533,98.0
3534,132.0
3535,137.0
3536,102.0
3537,117.0
3538,151.0
3539,176.0
3540,190.0
3541,161.0
3542,127.0
3543,132.0
3544,117.0
3545,132.0
3546,146.0
3547,161.0
3548,156.0
3549,151.0
3550,137.0
3551,83.0
3552,127.0
3553,117.0
3554,166.0
3555,127.0
3556,63.0
3557,44.0
3558,15.0
3559,39.0
3560,44.0
3561,44.0
3562,49.0
3563,54.0
3564,15.0
3565,-10.0
3566,5.0
3567,54.0
3568,39.0
3569,10.0
3570,-5.0
3571,-39.0
3572,-63.0
3573,-78.0
3574,5.0
3575,20.0
3576,-39.0
3577,20.0
3578,0.0
3579,5.0
3580,20.0
3581,15.0
3582,-93.0
3583,-181.0
3584,-54.0
3585,-34.0
3586,5.0
3587,-24.0
3588,20.0
3589,-29.0
3590,-59.0
3591,-49.0
3592,-83.0
3593,-98.0
3594,-59.0
3595,-29.0
3596,-20.0
3597,-44.0
3598,-5.0
3599,-15.0
3600,-59.0
3601,-34.0
3602,-15.0
3603,0.0
3604,-15.0
3605,5.0
3606,-34.0
3607,-49.0
3608,-34.0
3609,-63.0
3610,-20.0
3611,-63.0
3612,-73.0
3613,-78.0
3614,-73.0
3615,-44.0
3616,-54.0
3617,-59.0
3618,49.0
3619,132.0
3620,29.0
3621,-83.0
3622,-112.0
3623,-117.0
3624,-73.0
3625,-34.0
3626,-10.0
3627,-20.0
3628,-44.0
3629,-63.0
3630,-39.0
3631,-34.0
3632,-63.0
3633,-34.0
3634,-10.0
3635,-73.0
3636,-24.0
3637,-10.0
3638,0.0
3639,-68.0
3640,24.0
3641,-73.0
3642,-132.0
3643,-112.0
3644,-176.0
3645,-102.0
3646,10.0
3647,-20.0
3648,-39.0
3649,-24.0
3650,-24.0
3651,-29.0
3652,-88.0
3653,-112.0
3654,-122.0
3655,-137.0
3656,-88.0
3657,-29.0
3658,29.0
3659,34.0
3660,-15.0
3661,-88.0
3662,-83.0
3663,-107.0
3664,-112.0
3665,-93.0
3666,-83.0
3667,-93.0
3668,-54.0
3669,-49.0
3670,-68.0
3671,-44.0
3672,-88.0
3673,-112.0
3674,-107.0
3675,-78.0
3676,-59.0
3677,-29.0
3678,29.0
3679,54.0
3680,-44.0
3681,-112.0
3682,-112.0
3683,-137.0
3684,-83.0
3685,59.0
3686,49.0
3687,-127.0
3688,-20.0
3689,20.0
3690,-63.0
3691,-107.0
3692,-93.0
3693,-107.0
3694,-54.0
3695,0.0
3696,-29.0
3697,-93.0
3698,-24.0
3699,-24.0
3700,-59.0
3701,-88.0
3702,-98.0
3703,-88.0
3704,-107.0
3705,-171.0
3706,-78.0
3707,-44.0
3708,5.0
3709,29.0
3710,34.0
3711,-63.0
3712,-102.0
3713,-20.0
3714,5.0
3715,-20.0
3716,10.0
3717,34.0
3718,0.0
3719,-63.0
3720,-117.0
3721,-59.0
3722,-34.0
3723,-93.0
3724,-112.0
3725,-102.0
3726,-34.0
3727,-24.0
3728,-24.0
3729,-34.0
3730,-83.0
3731,-112.0
3732,-127.0
3733,-107.0
3734,-44.0
3735,-122.0
3736,-132.0
3737,-59.0
3738,-20.0
3739,5.0
3740,5.0
3741,-78.0
3742,-117.0
3743,-132.0
3744,-142.0
3745,-132.0
3746,-132.0
3747,-73.0
3748,44.0
3749,24.0
3750,-137.0
3751,-107.0
3752,-10.0
3753,-15.0
3754,107.0
3755,210.0
3756,327.0
3757,444.0
3758,503.0
3759,512.0
3760,478.0
3761,410.0
3762,259.0
3763,215.0
3764,117.0
3765,117.0
3766,137.0
3767,73.0
3768,107.0
3769,98.0
3770,24.0
3771,63.0
3772,-5.0
3773,-117.0
3774,-98.0
3775,-49.0
3776,-10.0
3777,-39.0
3778,-78.0
3779,-176.0
3780,-88.0
3781,-54.0
3782,-49.0
3783,-20.0
3784,-88.0
3785,-59.0
3786,-10.0
3787,-49.0
3788,-83.0
3789,-112.0
3790,-122.0
3791,-112.0
3792,-132.0
3793,-151.0
3794,-146.0
3795,-117.0
3796,-88.0
3797,-93.0
3798,-83.0
3799,-122.0
3800,-171.0
3801,-73.0
3802,-54.0
3803,-132.0
3804,-68.0
3805,-63.0
3806,-122.0
3807,-107.0
3808,-49.0
3809,-68.0
3810,-39.0
3811,-137.0
3812,-200.0
3813,-166.0
3814,-122.0
3815,-117.0
3816,-127.0
3817,-68.0
3818,-68.0
3819,-73.0
3820,-88.0
3821,-122.0
3822,-107.0
3823,-122.0
3824,-142.0
3825,-98.0
3826,-68.0
3827,10.0
3828,0.0
3829,-132.0
3830,-171.0
3831,-190.0
3832,-205.0
3833,-161.0
3834,-156.0
3835,-151.0
3836,-122.0
3837,-83.0
3838,-73.0
3839,-161.0
3840,-29.0
3841,-73.0
3842,-122.0
3843,-122.0
3844,-98.0
3845,-34.0
3846,-59.0
3847,-112.0
3848,-29.0
3849,20.0
3850,-54.0
3851,-34.0
3852,-54.0
3853,-88.0
3854,-78.0
3855,-88.0
3856,-39.0
3857,-122.0
3858,-44.0
3859,-78.0
3860,-83.0
3861,-83.0
3862,-78.0
3863,-44.0
3864,0.0
3865,49.0
3866,68.0
3867,68.0
3868,10.0
3869,20.0
3870,10.0
3871,-5.0
3872,-20.0
3873,-54.0
3874,10.0
3875,68.0
3876,102.0
3877,117.0
3878,68.0
3879,10.0
3880,39.0
3881,107.0
3882,107.0
3883,107.0
3884,88.0
3885,98.0
3886,200.0
3887,239.0
3888,210.0
3889,161.0
3890,107.0
3891,63.0
3892,29.0
3893,44.0
3894,39.0
3895,107.0
3896,181.0
3897,142.0
3898,156.0
3899,112.0
3900,68.0
3901,34.0
3902,0.0
3903,107.0
3904,102.0
3905,44.0
3906,34.0
3907,15.0
3908,73.0
3909,93.0
3910,-5.0
3911,-68.0
3912,-39.0
3913,-93.0
3914,-63.0
3915,-78.0
3916,5.0
3917,73.0
3918,73.0
3919,73.0
3920,-15.0
3921,-83.0
3922,-117.0
3923,-146.0
3924,-146.0
3925,-132.0
3926,-49.0
3927,0.0
3928,102.0
3929,98.0
3930,-151.0
3931,-151.0
3932,-122.0
3933,-137.0
3934,-98.0
3935,-122.0
3936,-88.0
3937,-68.0
3938,-59.0
3939,-88.0
3940,-117.0
3941,-102.0
3942,-102.0
3943,-137.0
3944,-107.0
3945,-102.0
3946,-73.0
3947,-112.0
3948,-49.0
3949,-29.0
3950,-29.0
3951,-54.0
3952,-102.0
3953,-142.0
3954,-112.0
3955,-59.0
3956,-93.0
3957,-54.0
3958,-29.0
3959,-59.0
3960,-112.0
3961,-176.0
3962,-117.0
3963,-78.0
3964,-102.0
3965,-117.0
3966,-98.0
3967,-98.0
3968,-68.0
3969,-93.0
3970,-93.0
3971,-117.0
3972,-171.0
3973,-161.0
3974,-127.0
3975,-59.0
3976,-44.0
3977,-29.0
3978,-39.0
3979,-34.0
3980,-73.0
3981,-122.0
3982,-112.0
3983,-112.0
3984,-142.0
3985,0.0
3986,24.0
3987,-54.0
3988,-34.0
3989,-44.0
3990,-93.0
3991,-151.0
3992,-151.0
3993,-122.0
3994,-107.0
3995,-93.0
3996,-73.0
3997,-122.0
3998,-93.0
3999,-73.0
4000,-102.0
4001,-73.0
4002,-78.0
4003,-102.0
4004,-93.0
4005,-93.0
4006,-49.0
4007,-63.0
4008,-73.0
4009,-49.0
4010,-83.0
4011,-205.0
4012,-142.0
4013,5.0
4014,-68.0
4015,-44.0
4016,-44.0
4017,-73.0
4018,-49.0
4019,-29.0
4020,-34.0
4021,-93.0
4022,-146.0
4023,-78.0
4024,-44.0
4025,-59.0
4026,-88.0
4027,-20.0
4028,-20.0
4029,-5.0
4030,-63.0
4031,-142.0
4032,-142.0
4033,-112.0
4034,-98.0
4035,-78.0
4036,-10.0
4037,-63.0
4038,-102.0
4039,-142.0
4040,-117.0
4041,-88.0
4042,-98.0
4043,-112.0
4044,-142.0
4045,-122.0
4046,-102.0
4047,-54.0
4048,-24.0
4049,-68.0
4050,-83.0
4051,-59.0
4052,-54.0
4053,-156.0
4054,-83.0
4055,-5.0
4056,-24.0
4057,-59.0
4058,-83.0
4059,-112.0
4060,-78.0
4061,-63.0
4062,-132.0
4063,-151.0
4064,-132.0
4065,-107.0
4066,-10.0
4067,-20.0
4068,-49.0
4069,-5.0
4070,24.0
4071,-34.0
4072,-93.0
4073,-88.0
4074,-39.0
4075,-93.0
4076,-83.0
4077,-44.0
4078,-24.0
4079,-29.0
4080,-63.0
4081,-24.0
4082,-98.0
4083,-190.0
4084,-137.0
4085,-44.0
4086,-5.0
4087,-59.0
4088,-78.0
4089,-93.0
4090,-78.0
4091,-83.0
4092,-93.0
4093,-49.0
4094,-15.0
4095,0.0
4096,-15.0
4097,24.0
4098,-29.0
4099,-161.0
4100,-117.0
4101,-15.0
4102,-34.0
4103,-34.0
4104,-5.0
4105,-49.0
4106,-44.0
4107,-39.0
4108,10.0
4109,-59.0
4110,-102.0
4111,-161.0
4112,-156.0
4113,-34.0
4114,-93.0
4115,-98.0
4116,-54.0
4117,-29.0
4118,-39.0
4119,-34.0
4120,24.0
4121,-15.0
4122,-98.0
4123,-156.0
4124,-73.0
4125,-29.0
4126,-49.0
4127,0.0
4128,34.0
4129,-24.0
4130,-29.0
4131,-39.0
4132,-88.0
4133,-49.0
4134,-34.0
4135,-5.0
4136,78.0
4137,68.0
4138,-59.0
4139,-93.0
4140,-107.0
4141,-122.0
4142,-83.0
4143,-63.0
4144,-54.0
4145,-44.0
4146,-39.0
4147,-29.0
4148,-49.0
4149,-78.0
4150,-88.0
4151,-68.0
4152,-49.0
4153,-54.0
4154,-39.0
4155,-15.0
4156,-39.0
4157,15.0
4158,5.0
4159,-5.0
4160,-5.0
4161,-24.0
4162,-68.0
4163,-215.0
4164,-181.0
4165,0.0
4166,24.0
4167,-24.0
4168,-10.0
4169,-20.0
4170,29.0
4171,-88.0
4172,-93.0
4173,-59.0
4174,-10.0
4175,44.0
4176,0.0
4177,-20.0
4178,-15.0
4179,-44.0
4180,-29.0
4181,-88.0
4182,-102.0
4183,-59.0
4184,-68.0
4185,-102.0
4186,-83.0
4187,-83.0
4188,-83.0
4189,-83.0
4190,-68.0
4191,-39.0
4192,-88.0
4193,-68.0
4194,-73.0
4195,-24.0
4196,-132.0
4197,-98.0
4198,-15.0
4199,54.0
4200,102.0
4201,63.0
4202,93.0
4203,161.0
4204,278.0
4205,459.0
4206,576.0
4207,581.0
4208,610.0
4209,517.0
4210,454.0
4211,366.0
4212,268.0
4213,195.0
4214,215.0
4215,200.0
4216,117.0
4217,132.0
4218,112.0
4219,20.0
4220,34.0
4221,0.0
4222,-5.0
4223,5.0
4224,20.0
4225,5.0
4226,-49.0
4227,-93.0
4228,24.0
4229,44.0
4230,24.0
4231,73.0
4232,44.0
4233,39.0
4234,-29.0
4235,-29.0
4236,-29.0
4237,-146.0
4238,-156.0
4239,-44.0
4240,-5.0
4241,20.0
4242,5.0
4243,-15.0
4244,-49.0
4245,-54.0
4246,20.0
4247,24.0
4248,29.0
4249,-34.0
4250,-73.0
4251,-73.0
4252,-98.0
4253,-68.0
4254,-34.0
4255,-20.0
4256,0.0
4257,-10.0
4258,-59.0
4259,-93.0
4260,5.0
4261,-39.0
4262,-107.0
4263,-78.0
4264,-63.0
4265,-34.0
4266,-10.0
4267,5.0
4268,-5.0
4269,-34.0
4270,-10.0
4271,-63.0
4272,-83.0
4273,-5.0
4274,0.0
4275,-39.0
4276,-78.0
4277,-29.0
4278,44.0
4279,-5.0
4280,-102.0
4281,-34.0
4282,-5.0
4283,-44.0
4284,24.0
4285,68.0
4286,73.0
4287,63.0
4288,0.0
4289,-24.0
4290,-44.0
4291,0.0
4292,-54.0
4293,-151.0
4294,-29.0
4295,5.0
4296,-20.0
4297,-24.0
4298,-5.0
4299,24.0
4300,44.0
4301,10.0
4302,-39.0
4303,-59.0
4304,-24.0
4305,10.0
4306,59.0
4307,68.0
4308,83.0
4309,54.0
4310,5.0
4311,10.0
4312,15.0
4313,24.0
4314,29.0
4315,54.0
4316,78.0
4317,122.0
4318,102.0
4319,117.0
4320,88.0
4321,44.0
4322,83.0
4323,107.0
4324,68.0
4325,132.0
4326,185.0
4327,215.0
4328,210.0
4329,229.0
4330,229.0
4331,171.0
4332,220.0
4333,181.0
4334,137.0
4335,98.0
4336,176.0
4337,244.0
4338,254.0
4339,239.0
4340,210.0
4341,195.0
4342,234.0
4343,244.0
4344,127.0
4345,68.0
4346,205.0
4347,298.0
4348,273.0
4349,205.0
4350,220.0
4351,249.0
4352,215.0
4353,176.0
4354,181.0
4355,220.0
4356,142.0
4357,171.0
4358,205.0
4359,127.0
4360,93.0
4361,151.0
4362,127.0
4363,93.0
4364,176.0
4365,176.0
4366,166.0
4367,122.0
4368,15.0
4369,122.0
4370,122.0
4371,59.0
4372,20.0
4373,15.0
4374,63.0
4375,49.0
4376,44.0
4377,78.0
4378,151.0
4379,171.0
4380,98.0
4381,-10.0
4382,-44.0
4383,34.0
4384,49.0
4385,20.0
4386,73.0
4387,117.0
4388,93.0
4389,63.0
4390,127.0
4391,59.0
4392,29.0
4393,59.0
4394,54.0
4395,98.0
4396,93.0
4397,107.0
4398,171.0
4399,54.0
4400,-15.0
4401,15.0
4402,5.0
4403,39.0
4404,39.0
4405,-127.0
4406,5.0
4407,54.0
4408,98.0
4409,127.0
4410,63.0
4411,29.0
4412,49.0
4413,78.0
4414,59.0
4415,102.0
4416,146.0
4417,102.0
4418,151.0
4419,132.0
4420,44.0
4421,5.0
4422,-10.0
4423,-24.0
4424,20.0
4425,44.0
4426,102.0
4427,127.0
4428,112.0
4429,102.0
4430,127.0
4431,93.0
4432,73.0
4433,44.0
4434,59.0
4435,73.0
4436,54.0
4437,54.0
4438,34.0
4439,107.0
4440,117.0
4441,73.0
4442,24.0
4443,-5.0
4444,-54.0
4445,5.0
4446,24.0
4447,34.0
4448,102.0
4449,73.0
4450,83.0
4451,44.0
4452,24.0
4453,83.0
4454,161.0
4455,303.0
4456,346.0
4457,498.0
4458,639.0
4459,639.0
4460,595.0
4461,581.0
4462,547.0
4463,483.0
4464,468.0
4465,425.0
4466,356.0
4467,351.0
4468,273.0
4469,317.0
4470,210.0
4471,107.0
4472,63.0
4473,59.0
4474,54.0
4475,83.0
4476,93.0
4477,127.0
4478,44.0
4479,20.0
4480,59.0
4481,15.0
4482,0.0
4483,63.0
4484,107.0
4485,73.0
4486,73.0
4487,24.0
4488,88.0
4489,59.0
4490,73.0
4491,68.0
4492,-20.0
4493,5.0
4494,5.0
4495,5.0
4496,59.0
4497,117.0
4498,127.0
4499,98.0
4500,39.0
4501,10.0
4502,29.0
4503,-15.0
4504,34.0
4505,59.0
4506,68.0
4507,137.0
4508,176.0
4509,176.0
4510,132.0
4511,93.0
4512,-24.0
4513,-63.0
4514,29.0
4515,112.0
4516,171.0
4517,176.0
4518,44.0
4519,5.0
4520,0.0
4521,54.0
4522,54.0
4523,-5.0
4524,44.0
4525,24.0
4526,29.0
4527,73.0
4528,112.0
4529,112.0
4530,54.0
4531,34.0
4532,29.0
4533,-34.0
4534,0.0
4535,73.0
4536,24.0
4537,20.0
4538,63.0
4539,93.0
4540,98.0
4541,10.0
4542,-15.0
4543,15.0
4544,0.0
4545,0.0
4546,107.0
4547,127.0
4548,83.0
4549,83.0
4550,63.0
4551,68.0
4552,132.0
4553,59.0
4554,-29.0
4555,-29.0
4556,-10.0
4557,107.0
4558,132.0
4559,127.0
4560,117.0
4561,107.0
4562,34.0
4563,63.0
4564,161.0
4565,63.0
4566,44.0
4567,93.0
4568,102.0
4569,107.0
4570,107.0
4571,98.0
4572,102.0
4573,93.0
4574,112.0
4575,166.0
4576,220.0
4577,200.0
4578,239.0
4579,200.0
4580,146.0
4581,161.0
4582,151.0
4583,127.0
4584,156.0
4585,161.0
4586,234.0
4587,273.0
4588,176.0
4589,171.0
4590,142.0
4591,200.0
4592,239.0
4593,239.0
4594,249.0
4595,249.0
4596,239.0
4597,190.0
4598,181.0
4599,229.0
4600,215.0
4601,142.0
4602,88.0
4603,44.0
4604,98.0
4605,151.0
4606,185.0
4607,190.0
4608,93.0
4609,15.0
4610,63.0
4611,102.0
4612,83.0
4613,34.0
4614,10.0
4615,54.0
4616,93.0
4617,98.0
4618,44.0
4619,88.0
4620,5.0
4621,-29.0
4622,63.0
4623,29.0
4624,29.0
4625,29.0
4626,88.0
4627,83.0
4628,112.0
4629,24.0
4630,49.0
4631,63.0
4632,68.0
4633,-20.0
4634,-54.0
4635,49.0
4636,78.0
4637,127.0
4638,146.0
4639,142.0
4640,39.0
4641,24.0
4642,59.0
4643,20.0
4644,10.0
4645,39.0
4646,54.0
4647,54.0
4648,68.0
4649,107.0
4650,137.0
4651,122.0
4652,137.0
4653,44.0
4654,-44.0
4655,-39.0
4656,15.0
4657,117.0
4658,171.0
4659,88.0
4660,-10.0
4661,-10.0
4662,20.0
4663,73.0
4664,78.0
4665,54.0
4666,15.0
4667,39.0
4668,20.0
4669,54.0
4670,98.0
4671,98.0
4672,54.0
4673,0.0
4674,-15.0
4675,102.0
4676,78.0
4677,0.0
4678,98.0
4679,39.0
4680,0.0
4681,10.0
4682,-5.0
4683,24.0
4684,5.0
4685,5.0
4686,44.0
4687,102.0
4688,102.0
4689,59.0
4690,73.0
4691,117.0
4692,20.0
4693,15.0
4694,102.0
4695,161.0
4696,112.0
4697,20.0
4698,15.0
4699,10.0
4700,24.0
4701,24.0
4702,5.0
4703,-24.0
4704,-78.0
4705,-44.0
4706,-5.0
4707,98.0
4708,161.0
4709,83.0
4710,10.0
4711,49.0
4712,63.0
4713,-20.0
4714,-5.0
4715,34.0
4716,68.0
4717,44.0
4718,24.0
4719,24.0
4720,-15.0
4721,-20.0
4722,-39.0
4723,0.0
4724,-10.0
4725,-112.0
4726,29.0
4727,68.0
4728,10.0
4729,59.0
4730,98.0
4731,88.0
4732,-5.0
4733,20.0
4734,-20.0
4735,-54.0
4736,88.0
4737,151.0
4738,68.0
4739,102.0
4740,137.0
4741,20.0
4742,-24.0
4743,-10.0
4744,39.0
4745,24.0
4746,34.0
4747,63.0
4748,44.0
4749,-5.0
4750,15.0
4751,39.0
4752,0.0
4753,-83.0
4754,-132.0
4755,-54.0
4756,39.0
4757,107.0
4758,107.0
4759,78.0
4760,63.0
4761,44.0
4762,24.0
4763,-24.0
4764,-20.0
4765,34.0
4766,-5.0
4767,-5.0
4768,102.0
4769,161.0
4770,122.0
4771,49.0
4772,54.0
4773,54.0
4774,15.0
4775,-5.0
4776,-20.0
4777,10.0
4778,44.0
4779,98.0
4780,98.0
4781,-24.0
4782,-24.0
4783,39.0
4784,39.0
4785,68.0
4786,73.0
4787,88.0
4788,20.0
4789,20.0
4790,44.0
4791,68.0
4792,29.0
4793,24.0
4794,49.0
4795,63.0
4796,68.0
4797,78.0
4798,112.0
4799,39.0
4800,5.0
4801,-63.0
4802,-49.0
4803,-34.0
4804,59.0
4805,132.0
4806,78.0
4807,88.0
4808,-44.0
4809,-24.0
4810,63.0
4811,102.0
4812,166.0
4813,254.0
4814,312.0
4815,420.0
4816,590.0
4817,717.0
4818,752.0
4819,669.0
4820,527.0
4821,405.0
4822,342.0
4823,298.0
4824,146.0
4825,102.0
4826,151.0
4827,254.0
4828,239.0
4829,176.0
4830,146.0
4831,102.0
4832,78.0
4833,83.0
4834,34.0
4835,93.0
4836,39.0
4837,78.0
4838,132.0
4839,88.0
4840,88.0
4841,49.0
4842,-5.0
4843,-5.0
4844,68.0
4845,-20.0
4846,-146.0
4847,-59.0
4848,142.0
4849,107.0
4850,68.0
4851,15.0
4852,-15.0
4853,-24.0
4854,5.0
4855,39.0
4856,15.0
4857,5.0
4858,20.0
4859,63.0
4860,83.0
4861,-10.0
4862,39.0
4863,39.0
4864,-15.0
4865,39.0
4866,34.0
4867,5.0
4868,-20.0
4869,20.0
4870,24.0
4871,-5.0
4872,-29.0
4873,0.0
4874,10.0
4875,15.0
4876,34.0
4877,0.0
4878,54.0
4879,44.0
4880,98.0
4881,24.0
4882,-49.0
4883,-20.0
4884,-29.0
4885,24.0
4886,34.0
4887,49.0
4888,83.0
4889,68.0
4890,54.0
4891,5.0
4892,15.0
4893,49.0
4894,73.0
4895,-54.0
4896,-29.0
4897,68.0
4898,142.0
4899,117.0
4900,29.0
4901,-10.0
4902,54.0
4903,5.0
4904,-34.0
4905,5.0
4906,73.0
4907,122.0
4908,117.0
4909,107.0
4910,54.0
4911,102.0
4912,39.0
4913,-29.0
4914,-10.0
4915,83.0
4916,73.0
4917,24.0
4918,83.0
4919,137.0
4920,78.0
4921,29.0
4922,24.0
4923,88.0
4924,39.0
4925,88.0
4926,122.0
4927,146.0
4928,98.0
4929,112.0
4930,142.0
4931,151.0
4932,137.0
4933,78.0
4934,68.0
4935,107.0
4936,161.0
4937,176.0
4938,171.0
4939,195.0
4940,185.0
4941,200.0
4942,210.0
4943,185.0
4944,185.0
4945,244.0
4946,229.0
4947,200.0
4948,307.0
4949,205.0
4950,161.0
4951,229.0
4952,215.0
4953,200.0
4954,210.0
4955,249.0
4956,298.0
4957,264.0
4958,166.0
4959,93.0
4960,181.0
4961,283.0
4962,156.0
4963,83.0
4964,102.0
4965,151.0
4966,181.0
4967,205.0
4968,181.0
4969,151.0
4970,78.0
4971,117.0
4972,117.0
4973,73.0
4974,98.0
4975,102.0
4976,127.0
4977,156.0
4978,166.0
4979,137.0
4980,63.0
4981,44.0
4982,59.0
4983,78.0
4984,171.0
4985,102.0
4986,181.0
4987,161.0
4988,98.0
4989,146.0
4990,151.0
4991,98.0
4992,93.0
4993,98.0
4994,24.0
4995,54.0
4996,73.0
4997,20.0
4998,34.0
4999,88.0
